mean_D,mean_zp,mean_zc,mean_zm,std_D,std_zp,std_zc,std_zm,H,J,T,O,U,noPer,noSkill,costPer,costCas,costTrain,costTot
0.5008134490238612,5500.0,8314.380051719743,521.40625,0.5000671394176927,3027.6503540974913,4576.915583216437,205.3207107089583,8,8,461,1,1,3.0,13.0,2766000,550.0,7594,4756952
0.489247311827957,5500.0,6908.33375286438,336.078125,0.4999963852329537,3027.6503540974913,3802.9125696515443,139.93108334218476,8,8,279,1,1,3.0,12.0,1674000,311.0,4780,2599472
1.0337982832618027,5500.0,10466.277617560681,148.546875,0.8101843385646577,3027.6503540974913,5761.496206343681,77.39671657190058,8,8,233,1,2,5.0,17.0,3495000,781.0,2537,7158831
0.5014172335600907,5500.0,5825.728254044339,197.78125,0.500068867905978,3027.6503540974913,3206.9578565878373,91.62613281311022,8,8,441,1,1,3.0,13.0,2646000,539.0,2697,3975904
1.0132536382536383,5500.0,8753.915784654151,363.421875,0.8151675086643092,3027.6503540974913,4818.872040935956,147.0170926988931,8,8,481,1,2,5.0,19.0,7215000,1538.0,7393,13165506
0.9932572614107884,5500.0,10454.27831157248,405.734375,0.8153026392477004,3027.6503540974913,5754.890805793845,162.89223647665065,8,8,241,1,2,5.0,18.0,3615000,737.0,8076,7091996
0.7857142857142857,5500.0,8679.806738111614,220.375,0.7796102922564631,3027.6503540974913,4778.076353480258,102.54329321865465,8,8,7,1,2,5.0,9.0,105000,11.0,1888,143185
0.4971671388101983,5500.0,9639.050614454623,280.03125,0.5000805238419759,3027.6503540974913,5306.122728366761,118.19488463536929,8,8,353,1,1,3.0,13.0,2118000,403.0,3922,3702726
0.5034509202453987,5500.0,10770.374823577085,155.984375,0.500083975195114,3027.6503540974913,5928.896208793794,82.1262079831914,8,8,326,1,1,3.0,13.0,1956000,382.0,2232,3695200
1.0060975609756098,5500.0,7743.927977804095,347.90625,0.8197496107701341,3027.6503540974913,4262.89205165528,142.60576345239792,8,8,451,1,2,5.0,20.0,6765000,1421.0,7721,11748547
0.9896080760095012,5500.0,10622.658830062277,110.78125,0.8175815827119414,3027.6503540974913,5847.581230599072,68.7730264469048,8,8,421,1,2,5.0,20.0,6315000,1275.0,1971,12360298
0.48658376963350786,5500.0,10982.210389219905,147.609375,0.4999017692557862,3027.6503540974913,6045.50784976269,76.44141177741166,8,8,382,1,1,3.0,12.0,2292000,415.0,2017,4194938
0.997624703087886,5500.0,6355.33335260153,208.921875,0.8170991518448424,3027.6503540974913,3498.495868256659,96.87863536445673,8,8,421,1,2,4.0,18.0,4210000,1682.0,4005,9621816
1.0213270142180095,5500.0,5945.6132128292,402.0625,0.8152489437232893,3027.6503540974913,3272.9523543907367,162.4487098543209,8,8,211,1,2,4.0,17.0,2110000,887.0,7445,4751892
1.0275,5500.0,5824.8802253442755,483.9375,0.8083175075318213,3027.6503540974913,3206.491032152559,191.1500594770905,8,8,50,1,2,4.0,13.0,500000,213.0,7148,1111876
0.4944968553459119,5500.0,8633.383538137425,297.765625,0.5001663594114237,3027.6503540974913,4752.52122296386,128.1750715167865,8,8,159,1,1,3.0,12.0,954000,186.0,3574,1613711
1.0115894039735098,5500.0,5992.548814727181,318.296875,0.8100788723782838,3027.6503540974913,3298.7895528827726,135.72564293017558,8,8,453,1,2,4.0,18.0,4530000,1869.0,6155,10371808
0.9833333333333333,5500.0,5514.746137084313,236.953125,0.8232078286028371,3027.6503540974913,3035.7678354001996,107.50141079731326,8,8,495,1,2,4.0,18.0,4950000,1929.0,4783,10395331
0.375,5500.0,6228.244875800587,407.203125,0.5175491695067657,3027.6503540974913,3428.535964295187,163.23575118910023,8,8,1,1,1,2.0,2.0,3000,1.0,899,6164
1.0215827338129497,5500.0,9906.977387676541,84.90625,0.8155986833875278,3027.6503540974913,5453.611562879041,56.96412648631774,8,8,417,1,2,5.0,20.0,6255000,1359.0,1433,12301490
1.002717391304348,5500.0,5548.242138600695,356.109375,0.8153198540172159,3027.6503540974913,3054.206777373276,145.86633555149805,8,8,414,1,2,4.0,18.0,4140000,1680.0,7036,8910454
0.982484076433121,5500.0,7022.217423770728,240.765625,0.8314604104158342,3027.6503540974913,3865.6034672052765,106.78278533568798,8,8,157,1,2,4.0,16.0,1570000,610.0,4254,3776677
0.5068051575931232,5500.0,6984.352366177127,383.953125,0.5000432449968466,3027.6503540974913,3844.7594390177874,157.41497374244082,8,8,349,1,1,3.0,12.0,2094000,425.0,5031,3292720
1.003030303030303,5500.0,10541.489492816714,130.109375,0.8181392086184766,3027.6503540974913,5802.898981025729,72.18871150979524,8,8,495,1,2,5.0,21.0,7425000,1535.0,2481,14739441
1.0224137931034483,5500.0,8879.332235179074,400.21875,0.8083992007660772,3027.6503540974913,4887.9115247253085,161.78198820124942,8,8,145,1,2,5.0,16.0,2175000,476.0,7046,4103211
1.0141908212560387,5500.0,6873.196146353608,193.359375,0.8218425996827295,3027.6503540974913,3783.5699538707295,90.6712826534172,8,8,414,1,2,4.0,17.0,4140000,1717.0,3463,10386824
0.9879807692307693,5500.0,8753.469298843247,495.6875,0.8149326917288966,3027.6503540974913,4818.626258586232,195.64487385737112,8,8,104,1,2,5.0,15.0,1560000,311.0,8212,2852585
1.0222826086956522,5500.0,8077.477900264942,535.203125,0.8131887344975952,3027.6503540974913,4446.505240900329,210.73176960353675,8,8,230,1,2,5.0,18.0,3450000,747.0,10921,6147050
1.010480572597137,5500.0,8150.475225287041,330.390625,0.8138676435219401,3027.6503540974913,4486.688945800572,139.60938900380543,8,8,489,1,2,5.0,19.0,7335000,1549.0,6701,12990721
0.5045045045045045,5500.0,6348.125683083766,364.90625,0.5001205285511581,3027.6503540974913,3494.5281767716265,150.5592451811705,8,8,222,1,1,3.0,12.0,1332000,272.0,4802,2060488
0.5165094339622641,5500.0,8750.780098682371,299.703125,0.5000222756838746,3027.6503540974913,4817.145902619084,127.24276006940185,8,8,106,1,1,3.0,10.0,636000,143.0,3465,1215425
0.9979166666666667,5500.0,9603.063589146761,179.25,0.8179817517871233,3027.6503540974913,5286.31252292744,84.94255762124246,8,8,240,1,2,5.0,18.0,3600000,741.0,3258,6787983
1.0326086956521738,5500.0,8519.98836349397,304.421875,0.8410592381657885,3027.6503540974913,4690.09923375255,128.08885862699017,8,8,46,1,2,5.0,12.0,690000,156.0,4007,1273366
0.4993523316062176,5500.0,6546.422319488557,282.21875,0.5000805586749298,3027.6503540974913,3603.6868824856824,121.21703855691219,8,8,386,1,1,3.0,13.0,2316000,460.0,4375,3599903
0.4984894259818731,5500.0,10168.306927927979,175.828125,0.5000921553547376,3027.6503540974913,5597.468740166022,88.47088206978808,8,8,331,1,1,3.0,13.0,1986000,384.0,2298,3602286
0.4933673469387755,5500.0,7628.842459139417,93.546875,0.5000835945995921,3027.6503540974913,4199.539558684988,67.74999084812215,8,8,245,1,1,3.0,14.0,1470000,290.0,1231,2406111
1.0050236406619386,5500.0,10709.118001760125,495.546875,0.8109716527787055,3027.6503540974913,5895.175438200157,196.9736046846387,8,8,423,1,2,5.0,19.0,6345000,1333.0,10099,12805882
1.0346153846153847,5500.0,5870.891623056974,152.375,0.815761075987443,3027.6503540974913,3231.819472984808,78.9137564204173,8,8,65,1,2,4.0,13.0,650000,280.0,1859,1538897
0.976,5500.0,7149.226279306633,339.421875,0.8136867247817715,3027.6503540974913,3935.519541102876,138.25279407463867,8,8,125,1,2,4.0,16.0,1250000,483.0,6273,2990285
1.048913043478261,5500.0,5740.378006874652,288.84375,0.8249833067243567,3027.6503540974913,3159.9740918486355,121.75818068405944,8,8,92,1,2,4.0,15.0,920000,407.0,4590,2185386
0.5161538461538462,5500.0,5635.178925664316,387.125,0.4998351165077545,3027.6503540974913,3102.0639035800523,156.30733868562962,8,8,325,1,1,3.0,12.0,1950000,427.0,4877,2937447
0.9990384615384615,5500.0,10686.32108346106,193.953125,0.8200230164073123,3027.6503540974913,5882.626147698248,91.4296380843657,8,8,260,1,2,5.0,18.0,3900000,806.0,3548,7873031
1.0170863309352518,5500.0,6160.692638180994,299.5625,0.815398253108335,3027.6503540974913,3391.3496813589995,127.27795791663445,8,8,139,1,2,4.0,16.0,1390000,575.0,5300,3202063
0.482981220657277,5500.0,10798.356078211236,213.828125,0.4998569703816715,3027.6503540974913,5944.299382521281,94.44332384372541,8,8,213,1,1,3.0,12.0,1278000,231.0,2944,2331330
1.0177165354330708,5500.0,10621.468523339194,430.515625,0.8074048327225014,3027.6503540974913,5846.925988313322,171.4831651867329,8,8,127,1,2,5.0,16.0,1905000,401.0,7502,3853334
0.48646907216494845,5500.0,9380.024648685325,515.0,0.49997798179467257,3027.6503540974913,5163.533627097333,204.62555814858283,8,8,194,1,1,3.0,12.0,1164000,220.0,6633,2031890
0.9871867881548975,5500.0,6857.356823933226,506.203125,0.8164541513281757,3027.6503540974913,3774.8506938462333,199.68635563052374,8,8,439,1,2,4.0,17.0,4390000,1718.0,10300,10553219
0.5114795918367347,5500.0,7550.30822281888,319.390625,0.5001873003891508,3027.6503540974913,4156.307884429598,131.29267163478698,8,8,98,1,1,3.0,12.0,588000,127.0,3979,1001068
0.9675480769230769,5500.0,10788.456652178429,214.921875,0.8151128158847969,3027.6503540974913,5938.849927842447,97.68483573685583,8,8,104,1,2,5.0,16.0,1560000,299.0,3494,2977763
1.0044642857142858,5500.0,9700.030363411022,171.40625,0.8201230196565862,3027.6503540974913,5339.6909753705095,85.81850889087953,8,8,280,1,2,5.0,19.0,4200000,875.0,3412,8122224
0.490625,5500.0,10569.038388527622,360.890625,0.49998312702419717,3027.6503540974913,5818.064148999208,147.95764271472567,8,8,440,1,1,3.0,13.0,2640000,485.0,5120,4745476
0.5045871559633027,5500.0,9306.647114980058,129.234375,0.5000506442675607,3027.6503540974913,5123.140624205413,74.50039782305629,8,8,436,1,1,3.0,14.0,2616000,523.0,1564,4612571
0.9495614035087719,5500.0,8009.464772382542,432.984375,0.8075719462139012,3027.6503540974913,4409.065246224616,173.47947064742593,8,8,171,1,2,5.0,18.0,2565000,465.0,8571,4223521
0.9840425531914894,5500.0,7440.81682080818,462.515625,0.819377246549952,3027.6503540974913,4096.034851326265,185.551600848338,8,8,235,1,2,4.0,16.0,2350000,919.0,8301,5921776
0.9888059701492538,5500.0,7411.171283467462,501.421875,0.8064376908341622,3027.6503540974913,4079.7155201213486,199.1385259806899,8,8,67,1,2,4.0,15.0,670000,270.0,8048,1714264
0.5053418803418803,5500.0,6018.143649667759,137.15625,0.5000382465717075,3027.6503540974913,3312.879045804757,73.56051795350072,8,8,468,1,1,3.0,14.0,2808000,554.0,1966,4221494
1.0232188295165394,5500.0,10075.911059857604,394.359375,0.819602548627835,3027.6503540974913,5546.606488769584,161.43644552101708,8,8,393,1,2,5.0,19.0,5895000,1286.0,8158,11783826
0.49411764705882355,5500.0,7846.603890058599,450.234375,0.5000879823349824,3027.6503540974913,4319.413281127032,178.78414245467624,8,8,255,1,1,3.0,12.0,1530000,301.0,5902,2516014
0.49757617728531855,5500.0,9449.421039601384,221.640625,0.5000807116155268,3027.6503540974913,5201.735083011895,99.95401596504105,8,8,361,1,1,3.0,12.0,2166000,427.0,2930,3845773
0.9897025171624714,5500.0,7869.533943475033,269.46875,0.820277577956274,3027.6503540974913,4332.035860098985,113.98690662068333,8,8,437,1,2,5.0,19.0,6555000,1331.0,5395,11263515
0.5238095238095238,5500.0,7771.997858254777,442.640625,0.5009258607744127,3027.6503540974913,4278.344012289095,177.4538050496165,8,8,21,1,1,3.0,8.0,126000,26.0,4133,200788
0.5024509803921569,5500.0,9404.951113396688,126.640625,0.5001472475262783,3027.6503540974913,5177.2551943172875,71.77707269513392,8,8,204,1,1,3.0,12.0,1224000,239.0,1559,2219064
1.012718023255814,5500.0,10761.471637670222,390.921875,0.8117088591168362,3027.6503540974913,5923.995166254975,159.04310134462753,8,8,344,1,2,5.0,17.0,5160000,1100.0,7812,10560288
0.9973118279569892,5500.0,7413.706685361574,445.75,0.8104255264101813,3027.6503540974913,4081.111212929075,177.53676122792595,8,8,93,1,2,5.0,14.0,1395000,289.0,7021,2355019
0.5048342541436464,5500.0,7928.823697728051,335.6875,0.5001493627778336,3027.6503540974913,4364.673795636894,139.96233903877982,8,8,181,1,1,3.0,11.0,1086000,220.0,4068,1833936
1.0225806451612902,5500.0,7594.839457160137,301.765625,0.7991963992237898,3027.6503540974913,4180.821522142634,126.97965618679814,8,8,155,1,2,5.0,17.0,2325000,499.0,5422,4071712
0.5092482100238663,5500.0,9858.795159730613,160.59375,0.49998904956354345,3027.6503540974913,5427.088119333277,75.9660991119441,8,8,419,1,1,3.0,12.0,2514000,512.0,1933,4593450
0.5041360294117647,5500.0,8860.451850142694,104.953125,0.5000978183558423,3027.6503540974913,4877.518214826963,64.97726823208838,8,8,272,1,1,3.0,13.0,1632000,322.0,1367,2860942
0.9782608695652174,5500.0,8331.982979905715,418.5625,0.8152923080290402,3027.6503540974913,4586.605676262875,168.4231137287731,8,8,391,1,2,5.0,19.0,5865000,1158.0,8489,10339432
0.4891025641025641,5500.0,10305.166345625821,477.046875,0.5000415271977134,3027.6503540974913,5672.807370066832,190.74802041349383,8,8,195,1,1,3.0,12.0,1170000,212.0,5992,2082847
0.9943985849056604,5500.0,7927.051106777352,301.546875,0.8037976752740322,3027.6503540974913,4363.698016433338,127.46863040023264,8,8,424,1,2,5.0,18.0,6360000,1302.0,5869,11064448
0.5161290322580645,5500.0,9841.812947943497,195.375,0.4999918621778435,3027.6503540974913,5417.739719418619,91.98024287511466,8,8,124,1,1,3.0,11.0,744000,159.0,2102,1395662
0.9604166666666667,5500.0,7971.763898202847,440.515625,0.808046965994603,3027.6503540974913,4388.3115980319,176.03174246470076,8,8,240,1,2,5.0,17.0,3600000,670.0,8227,6014250
0.5223577235772358,5500.0,7422.546319909084,390.4375,0.4997538866116188,3027.6503540974913,4085.977271595959,159.05214029787004,8,8,123,1,1,3.0,11.0,738000,165.0,4733,1283904
0.48936170212765956,5500.0,8988.630570210622,212.4375,0.49996069052588443,3027.6503540974913,4948.078277954496,96.52368325220205,8,8,423,1,1,3.0,13.0,2538000,472.0,2786,4292752
0.46314102564102566,5500.0,8251.517111608839,391.203125,0.4990395970318265,3027.6503540974913,4542.310673600729,159.40685489308407,8,8,78,1,1,3.0,10.0,468000,81.0,4171,731719
0.9975409836065574,5500.0,6579.016452245656,404.734375,0.8205002638796056,3027.6503540974913,3621.629362046324,162.47248775036851,8,8,305,1,2,4.0,18.0,3050000,1220.0,8218,7150366
0.49369959677419356,5500.0,7279.7650274844145,232.109375,0.5000233142836072,3027.6503540974913,4007.3787569472224,103.86363422242113,8,8,496,1,1,3.0,12.0,2976000,578.0,3030,4669259
0.4992138364779874,5500.0,6979.0765964670745,153.75,0.5001960385448746,3027.6503540974913,3841.8552233758282,81.02008373393579,8,8,159,1,1,3.0,12.0,954000,177.0,1838,1463407
1.008957654723127,5500.0,7852.335830332025,291.84375,0.814782699804462,3027.6503540974913,4322.568610399487,123.93447049223423,8,8,307,1,2,5.0,19.0,4605000,970.0,5874,8064474
0.9696969696969697,5500.0,6283.9718703532535,316.265625,0.8034090287763135,3027.6503540974913,3459.212665166128,129.84719251018782,8,8,33,1,2,4.0,12.0,330000,124.0,4299,749041
0.4985549132947977,5500.0,6044.569065336211,246.5625,0.5001786447502538,3027.6503540974913,3327.4257583694402,107.52450809592128,8,8,173,1,1,3.0,12.0,1038000,203.0,3021,1570745
1.0047348484848484,5500.0,9495.65948935131,201.328125,0.8151273129168872,3027.6503540974913,5227.188511877037,98.82115554743407,8,8,132,1,2,5.0,17.0,1980000,419.0,3496,3763501
1.25,5500.0,8574.663431314255,434.03125,0.7071067811865476,3027.6503540974913,4720.1968680155305,174.46416548874024,8,8,1,1,2,6.0,3.0,21000,4.0,1499,36530
0.9884105960264901,5500.0,9048.71934509479,413.40625,0.8199003670769754,3027.6503540974913,4981.156059873648,168.37512152221018,8,8,453,1,2,5.0,19.0,6795000,1365.0,8410,12499168
0.4996189024390244,5500.0,7425.420824630528,361.25,0.5000951563674689,3027.6503540974913,4087.559634366456,144.36670679816046,8,8,328,1,1,3.0,12.0,1968000,394.0,5010,3248832
0.5109375,5500.0,8584.951415223299,417.078125,0.4999780182741308,3027.6503540974913,4725.860216765561,167.05405499917285,8,8,320,1,1,3.0,12.0,1920000,398.0,5538,3330348
0.9583333333333334,5500.0,7590.763739527616,331.09375,0.8219663487258265,3027.6503540974913,4178.577913427488,138.1080458962107,8,8,78,1,2,4.0,15.0,780000,290.0,5490,1929625
0.9965116279069768,5500.0,6067.144101518983,201.40625,0.8136342067044801,3027.6503540974913,3339.8529067862655,92.82663799913375,8,8,215,1,2,4.0,16.0,2150000,859.0,3437,4838424
0.4973529411764706,5500.0,9402.544138464234,431.859375,0.5000665376352876,3027.6503540974913,5175.930198225188,172.64744029632473,8,8,425,1,1,3.0,14.0,2550000,505.0,6468,4537840
0.9753086419753086,5500.0,7456.671741672601,238.078125,0.8173834686255905,3027.6503540974913,4104.762698011602,104.70416445190435,8,8,162,1,2,4.0,16.0,1620000,623.0,4101,3998034
0.9986007462686567,5500.0,7625.111948091222,462.140625,0.8143016447035284,3027.6503540974913,4197.485979940255,184.49027738717513,8,8,268,1,2,5.0,17.0,4020000,828.0,8629,6897057
0.49710796915167094,5500.0,8290.050785934736,436.828125,0.5000719882996406,3027.6503540974913,4563.522763185726,175.72810479680302,8,8,389,1,1,3.0,13.0,2334000,471.0,6260,4016358
0.990975935828877,5500.0,9071.959483577482,448.296875,0.810074551564899,3027.6503540974913,4993.949335056629,178.83775387848502,8,8,374,1,2,5.0,19.0,5610000,1144.0,8918,10446850
0.4994949494949495,5500.0,7026.200467817672,401.65625,0.5000628881640458,3027.6503540974913,3867.79606079057,161.95180732806102,8,8,495,1,1,3.0,13.0,2970000,586.0,5984,4715927
0.5241935483870968,5500.0,10312.637526976137,304.984375,0.49991853360434724,3027.6503540974913,5676.920120041525,128.31576777590755,8,8,62,1,1,3.0,10.0,372000,83.0,3228,740858
0.975,5500.0,8089.708626243357,267.453125,0.8173709833318624,3027.6503540974913,4453.238033962043,116.16120841006138,8,8,345,1,2,5.0,19.0,5175000,1008.0,5106,8742520
0.49743326488706363,5500.0,6098.253519205802,127.453125,0.5000575917149969,3027.6503540974913,3356.9780775999493,71.14080151975388,8,8,487,1,1,3.0,14.0,2922000,558.0,1930,4363118
0.49292452830188677,5500.0,8705.58937897786,492.5625,0.500540543710619,3027.6503540974913,4792.269230161761,195.80869145876454,8,8,53,1,1,3.0,9.0,318000,65.0,5280,549625
0.4934210526315789,5500.0,10360.931878323145,418.375,0.5000350480055024,3027.6503540974913,5703.505285488193,167.34931625433566,8,8,399,1,1,3.0,12.0,2394000,456.0,5551,4351174
0.5073529411764706,5500.0,5816.210555854222,114.65625,0.5008674914351674,3027.6503540974913,3201.7185361704733,70.37478326110582,8,8,34,1,1,3.0,9.0,204000,41.0,1053,312917
0.5043859649122807,5500.0,7637.843142441689,286.109375,0.5000721587496242,3027.6503540974913,4204.4942717735785,120.41991571658933,8,8,342,1,1,3.0,13.0,2052000,410.0,4223,3342158
0.49212184873949577,5500.0,6594.7127214368975,351.078125,0.5000692688387656,3027.6503540974913,3630.2698738599374,144.59196059755342,8,8,238,1,1,3.0,12.0,1428000,270.0,4987,2196775
0.9948680351906158,5500.0,10622.91308415305,302.65625,0.8088092522269764,3027.6503540974913,5847.72119286961,126.56427173950942,8,8,341,1,2,5.0,18.0,5115000,1052.0,5793,10215928
0.5280373831775701,5500.0,5798.827228615885,270.8125,0.4993105134712854,3027.6503540974913,3192.1493294671022,118.20574946401383,8,8,321,1,1,3.0,13.0,1926000,436.0,3983,3007511
0.5060185185185185,5500.0,6758.819023959601,175.734375,0.5000795486786122,3027.6503540974913,3720.6074202131176,82.22447829782325,8,8,270,1,1,3.0,12.0,1620000,324.0,2201,2575809
0.9937739463601533,5500.0,7764.863544635189,115.78125,0.8222233876136115,3027.6503540974913,4274.416701896988,66.94453253633142,8,8,261,1,2,5.0,20.0,3915000,807.0,2122,6768945
0.49498327759197325,5500.0,7104.966399830994,121.375,0.5000793744320725,3027.6503540974913,3911.1552793271076,69.27893928584234,8,8,299,1,1,3.0,13.0,1794000,350.0,1420,2800450
0.9907161803713528,5500.0,10163.005975644239,374.46875,0.8188776149556308,3027.6503540974913,5594.5506619734915,153.9346355561656,8,8,377,1,2,5.0,19.0,5655000,1139.0,8003,10781462
0.5072314049586777,5500.0,7543.91656532069,251.0,0.5000768728143835,3027.6503540974913,4152.789392777295,108.64022465320298,8,8,242,1,1,3.0,12.0,1452000,308.0,3589,2434927
0.49809160305343514,5500.0,10687.056984129887,128.671875,0.500075892941604,3027.6503540974913,5883.031247683804,71.80663069871464,8,8,393,1,1,3.0,13.0,2358000,462.0,1641,4481508
0.9388297872340425,5500.0,9903.919224489222,468.390625,0.819093946758869,3027.6503540974913,5451.928099450499,186.59774383939475,8,8,47,1,2,5.0,14.0,705000,123.0,6929,1284556
0.505586592178771,5500.0,8577.38810844342,235.203125,0.5000560969317719,3027.6503540974913,4721.696753410969,103.27405053491844,8,8,358,1,1,3.0,13.0,2148000,428.0,2937,3712022
0.5058060109289617,5500.0,5518.475741684457,182.5625,0.500051687732959,3027.6503540974913,3037.8209151617016,86.50935815054373,8,8,366,1,1,3.0,12.0,2196000,449.0,2267,3235740
1.004746835443038,5500.0,7251.720068314088,174.125,0.8270759941222414,3027.6503540974913,3991.9405150267344,82.79991181653152,8,8,395,1,2,4.0,18.0,3950000,1610.0,3143,10056454
0.9527777777777777,5500.0,8314.454372565593,511.65625,0.8194754457447523,3027.6503540974913,4576.956495495574,202.4634961219053,8,8,135,1,2,5.0,17.0,2025000,374.0,9710,3516195
0.4856651376146789,5500.0,10743.657139882023,454.671875,0.4999378208270187,3027.6503540974913,5914.1886079756105,181.70943617883077,8,8,218,1,1,3.0,12.0,1308000,237.0,5953,2357064
1.0162371134020618,5500.0,10628.930538382894,351.640625,0.8120605876432647,3027.6503540974913,5851.033692402294,144.00059161998178,8,8,485,1,2,5.0,18.0,7275000,1575.0,7127,14847993
0.9827981651376146,5500.0,7363.059275560942,406.40625,0.8212202641749201,3027.6503540974913,4053.2307314350737,164.57214549074996,8,8,218,1,2,4.0,16.0,2180000,854.0,7485,5412505
0.9756944444444444,5500.0,7250.9719663295455,506.71875,0.8068302955533379,3027.6503540974913,3991.5286984379336,200.68885091342864,8,8,36,1,2,4.0,12.0,360000,138.0,6571,889959
0.4872967479674797,5500.0,6416.645613311692,203.34375,0.49990210919715544,3027.6503540974913,3532.2471569565923,96.47538032024806,8,8,492,1,1,3.0,13.0,2952000,549.0,2612,4467774
0.9883720930232558,5500.0,6646.344153458094,296.578125,0.8152256565530398,3027.6503540974913,3658.6920417583983,125.29657575066156,8,8,430,1,2,4.0,18.0,4300000,1695.0,6121,10032853
0.5277777777777778,5500.0,8283.254576147534,81.390625,0.5003874467842142,3027.6503540974913,4559.781572827773,63.45042238780193,8,8,27,1,1,3.0,9.0,162000,35.0,469,290483
1.0147235576923077,5500.0,9863.113594960421,360.578125,0.8191204945749591,3027.6503540974913,5429.46533968831,148.11683555290517,8,8,416,1,2,5.0,19.0,6240000,1324.0,7555,12247915
0.488013698630137,5500.0,9894.835573757957,419.28125,0.5002848174903367,3027.6503540974913,5446.927714295407,171.34403049337402,8,8,73,1,1,3.0,10.0,438000,77.0,4496,775322
0.973744292237443,5500.0,6190.688021288711,519.671875,0.818403481763282,3027.6503540974913,3407.8615963203392,205.54658489380927,8,8,219,1,2,4.0,16.0,2190000,847.0,9389,4892901
1.0078502415458936,5500.0,10152.013333197605,238.65625,0.8088998708887328,3027.6503540974913,5588.499411465125,104.72840441101063,8,8,207,1,2,5.0,19.0,3105000,655.0,4503,6112653
0.506640625,5500.0,8508.480209588595,187.765625,0.5000535764085837,3027.6503540974913,4683.764203525892,91.21764348053975,8,8,320,1,1,3.0,12.0,1920000,388.0,2772,3330539
0.5208333333333334,5500.0,5651.280272281993,152.5,0.4997921901181658,3027.6503540974913,3110.9274031779537,75.86788851639743,8,8,138,1,1,3.0,12.0,828000,178.0,1582,1228254
0.4675324675324675,5500.0,9577.091418227388,431.203125,0.49914736293798406,3027.6503540974913,5272.01531338549,174.10635134130217,8,8,154,1,1,3.0,11.0,924000,153.0,5081,1550721
0.9840745192307693,5500.0,7782.411034918169,322.859375,0.8132055466189151,3027.6503540974913,4284.0762773822225,134.3632682217213,8,8,416,1,2,5.0,19.0,6240000,1232.0,6540,10543846
1.0145348837209303,5500.0,6787.362060620832,242.390625,0.8097930585114925,3027.6503540974913,3736.319844768462,107.14337185722925,8,8,43,1,2,4.0,14.0,430000,177.0,3715,1002619
1.0125570776255708,5500.0,10701.6020969973,212.90625,0.8242899248658995,3027.6503540974913,5891.038068797151,95.54268035721664,8,8,219,1,2,5.0,17.0,3285000,693.0,3606,6594428
0.5131578947368421,5500.0,7262.953690076424,291.140625,0.5001559981318181,3027.6503540974913,3998.124420282467,122.98210828544669,8,8,95,1,1,3.0,11.0,570000,120.0,3425,962983
1.0227941176470587,5500.0,6093.882937168339,396.78125,0.8057434477369113,3027.6503540974913,3354.5721513720696,160.85056347380717,8,8,170,1,2,4.0,15.0,1700000,713.0,6765,4006929
1.007829373650108,5500.0,7832.2589094572395,334.875,0.8148587945323869,3027.6503540974913,4311.516629200261,140.65543850471045,8,8,463,1,2,5.0,20.0,6945000,1452.0,6882,12149654
0.5206310679611651,5500.0,8974.439677837416,208.96875,0.4996499798770034,3027.6503540974913,4940.266448805642,95.5727876442622,8,8,412,1,1,3.0,12.0,2472000,543.0,2718,4597581
0.4305555555555556,5500.0,6084.935053551191,238.046875,0.49630417030019436,3027.6503540974913,3349.646503553546,102.03818608075505,8,8,27,1,1,2.0,8.0,81000,41.0,2015,200288
0.9979903536977492,5500.0,9882.853968730036,174.234375,0.8147686728493743,3027.6503540974913,5440.332057803508,86.45812679263912,8,8,311,1,2,5.0,19.0,4665000,962.0,3242,8993338
0.5084696261682243,5500.0,10269.922154028556,388.421875,0.5000012798234048,3027.6503540974913,5653.406081126952,160.06316260097262,8,8,428,1,1,3.0,14.0,2568000,532.0,5715,4833098
0.49264705882352944,5500.0,10265.462938550874,224.53125,0.5000378585065902,3027.6503540974913,5650.951363796041,100.46889572368408,8,8,340,1,1,3.0,12.0,2040000,384.0,3011,3616427
0.9710490463215259,5500.0,6911.061718947676,285.015625,0.8139623088221445,3027.6503540974913,3804.414265556645,121.68479867335361,8,8,367,1,2,4.0,17.0,3670000,1403.0,5648,8610146
0.5095291479820628,5500.0,7913.491476916551,448.390625,0.5000493550987377,3027.6503540974913,4356.233685860704,178.42971291350784,8,8,223,1,1,3.0,12.0,1338000,278.0,6002,2257651
0.5073170731707317,5500.0,7841.811411157527,380.78125,0.500022686354467,3027.6503540974913,4316.775108319425,154.7886904475782,8,8,410,1,1,3.0,13.0,2460000,492.0,5444,4100818
0.5017241379310344,5500.0,8161.279416736443,242.890625,0.5002126827420115,3027.6503540974913,4492.63645744921,107.71731334030741,8,8,145,1,1,3.0,12.0,870000,174.0,3211,1490500
0.5005643340857788,5500.0,6937.554426631919,298.71875,0.5000702381746508,3027.6503540974913,3818.998021156864,125.61764469504338,8,8,443,1,1,3.0,12.0,2658000,529.0,3789,4171653
0.4918639053254438,5500.0,9722.763472986237,94.8125,0.5001187889673306,3027.6503540974913,5352.205140325988,58.7428820409434,8,8,169,1,1,3.0,12.0,1014000,200.0,1229,1861993
0.4917076167076167,5500.0,5538.325806249899,101.265625,0.5000080201049883,3027.6503540974913,3048.7480160726873,69.58772975846036,8,8,407,1,1,3.0,14.0,2442000,458.0,1372,3548016
0.5057106598984772,5500.0,7876.330225248156,205.09375,0.5001260819198028,3027.6503540974913,4335.777090083883,95.4617381592277,8,8,197,1,1,3.0,12.0,1182000,251.0,2686,2041058
0.5,5500.0,8074.598120249482,379.84375,0.5003437607831319,3027.6503540974913,4444.919974176052,156.50115053585907,8,8,91,1,1,3.0,11.0,546000,103.0,4520,899930
0.9936548223350253,5500.0,7954.12120706233,289.296875,0.8128359904268097,3027.6503540974913,4378.599616199387,123.90020045431342,8,8,394,1,2,5.0,19.0,5910000,1194.0,5767,10169053
0.5036855036855037,5500.0,8104.170758892382,448.109375,0.5000632138091677,3027.6503540974913,4461.199175968556,178.5595020818835,8,8,407,1,1,3.0,12.0,2442000,487.0,6074,4073329
0.8571428571428571,5500.0,8387.834883848258,420.515625,0.7729182346164422,3027.6503540974913,4617.3511374899035,169.20251716648954,8,8,7,1,2,4.0,7.0,70000,20.0,3062,161516
0.5066425120772947,5500.0,8857.753646375233,203.59375,0.5000313686125969,3027.6503540974913,4876.032902537512,95.40768308717854,8,8,414,1,1,3.0,13.0,2484000,508.0,3089,4421300
0.5047974413646056,5500.0,10682.66677610126,463.421875,0.5000436254109897,3027.6503540974913,5880.61451770336,184.21388575339557,8,8,469,1,1,3.0,13.0,2814000,568.0,6444,5360976
0.9861680327868853,5500.0,8527.288434274535,490.25,0.8070126194537376,3027.6503540974913,4694.11779045868,192.86346844417545,8,8,244,1,2,5.0,17.0,3660000,730.0,9228,6453775
0.4861111111111111,5500.0,6306.166576780859,123.296875,0.5000113562805923,3027.6503540974913,3471.4304489433334,73.055682109553,8,8,153,1,1,3.0,12.0,918000,170.0,1593,1336947
1.0184331797235022,5500.0,9448.743749696583,237.015625,0.8075330270452026,3027.6503540974913,5201.362247190059,108.19096758172486,8,8,217,1,2,5.0,18.0,3255000,707.0,4105,6361729
0.5390625,5500.0,9789.875600733083,389.890625,0.5004304249705652,3027.6503540974913,5389.149150750893,158.63616325310778,8,8,16,1,1,3.0,8.0,96000,22.0,3827,192386
0.5093005952380952,5500.0,10840.65160870916,405.140625,0.5000065072591248,3027.6503540974913,5967.582305773789,163.07169201339363,8,8,336,1,1,3.0,13.0,2016000,418.0,5811,3925824
0.5131578947368421,5500.0,8788.077718739349,176.953125,0.5000618865498144,3027.6503540974913,4837.677566723175,84.82108709204445,8,8,133,1,1,3.0,12.0,798000,168.0,2082,1437617
1.0197768762677484,5500.0,10836.289802949623,364.25,0.8198738333580283,3027.6503540974913,5965.181210727903,147.6620981772074,8,8,493,1,2,5.0,19.0,7395000,1597.0,7929,15415873
0.5081129807692307,5500.0,10127.878070471665,214.53125,0.5000093024440417,3027.6503540974913,5575.213386603591,98.3100002583341,8,8,416,1,1,3.0,13.0,2496000,514.0,2574,4704610
0.44642857142857145,5500.0,7207.536188775081,183.625,0.4977571178171096,3027.6503540974913,3967.6180898391563,88.33351302766988,8,8,49,1,1,3.0,10.0,294000,40.0,1864,416426
0.94375,5500.0,8887.59922521435,472.53125,0.7976994743703034,3027.6503540974913,4892.462352963057,187.891725723189,8,8,40,1,2,5.0,14.0,600000,104.0,7314,1045230
1.0049171842650104,5500.0,9231.506421130694,204.53125,0.8183291434250428,3027.6503540974913,5081.777033598112,96.26797399686106,8,8,483,1,2,5.0,19.0,7245000,1497.0,3913,13563263
1.03125,5500.0,6881.206821826988,254.59375,0.8079466429027216,3027.6503540974913,3787.979685585919,107.75276209032991,8,8,368,1,2,4.0,18.0,3680000,1573.0,5226,9422901
0.5191176470588236,5500.0,10665.1774994871,83.640625,0.5000021658100889,3027.6503540974913,5870.986987788131,61.76513815791775,8,8,85,1,1,3.0,11.0,510000,104.0,776,972287
0.5024752475247525,5500.0,10916.689037847396,431.671875,0.5003035627504626,3027.6503540974913,6009.439532911068,173.79243729207735,8,8,101,1,1,3.0,12.0,606000,119.0,5731,1187338
0.5192307692307693,5500.0,9927.876141304452,173.0625,0.4998303333130239,3027.6503540974913,5465.115948119357,81.99939508100528,8,8,156,1,1,3.0,12.0,936000,204.0,1952,1851317
0.5003698224852071,5500.0,5542.977070479251,89.546875,0.5000923444793467,3027.6503540974913,3051.3084527619603,64.60058717299123,8,8,338,1,1,3.0,13.0,2028000,407.0,1238,3004802
0.989963503649635,5500.0,8903.189157443363,284.6875,0.81680746786619,3027.6503540974913,4901.044328205517,118.92386186394604,8,8,274,1,2,5.0,18.0,4110000,824.0,5426,7359424
0.496,5500.0,5772.7805445036765,323.890625,0.5000465094647765,3027.6503540974913,3177.811101762484,134.61433650712678,8,8,500,1,1,3.0,12.0,3000000,584.0,4454,4397269
1.0066568047337279,5500.0,10568.527250712978,290.40625,0.8175264133555392,3027.6503540974913,5817.782776892752,120.88834133789979,8,8,169,1,2,5.0,17.0,2535000,531.0,5335,5088311
1.0241935483870968,5500.0,6600.265317515504,500.5625,0.7909969127617986,3027.6503540974913,3633.3264774024015,198.37569575597377,8,8,62,1,2,4.0,12.0,620000,260.0,6506,1527742
1.0048882681564246,5500.0,9902.207129981456,319.828125,0.8103270673475479,3027.6503540974913,5450.9856224427385,134.04495274033533,8,8,358,1,2,5.0,19.0,5370000,1130.0,6640,10424965
0.5038659793814433,5500.0,6667.480032832615,96.265625,0.5003075209945228,3027.6503540974913,3670.3269604261127,68.38157233146813,8,8,97,1,1,3.0,11.0,582000,127.0,1069,923717
0.4806378132118451,5500.0,6863.975901254086,273.328125,0.4996961113823847,3027.6503540974913,3778.494375990652,117.76841071148043,8,8,439,1,1,3.0,13.0,2634000,468.0,3818,3963189
1.013157894736842,5500.0,8755.994608470617,506.359375,0.8099093306762868,3027.6503540974913,4820.016395783961,198.2803344303852,8,8,95,1,2,5.0,15.0,1425000,308.0,8488,2638631
0.4979919678714859,5500.0,5905.655342884516,313.59375,0.5001215160583002,3027.6503540974913,3250.956270920373,132.59315009600215,8,8,249,1,1,3.0,12.0,1494000,300.0,3901,2228055
0.4812753036437247,5500.0,9054.881588535189,378.34375,0.49977574020618676,3027.6503540974913,4984.5482632435305,153.83976602657424,8,8,247,1,1,3.0,12.0,1482000,269.0,4851,2538864
1.0107323232323233,5500.0,5969.203942613451,461.046875,0.810082372025361,3027.6503540974913,3285.9386237334106,183.53049395754806,8,8,198,1,2,4.0,17.0,1980000,820.0,8733,4470837
0.5089285714285714,5500.0,7094.372487283484,203.21875,0.5000319009793925,3027.6503540974913,3905.3235224042432,93.37065049048267,8,8,280,1,1,3.0,12.0,1680000,343.0,2619,2696469
0.48564425770308123,5500.0,10050.891694566202,505.34375,0.4998813920848162,3027.6503540974913,5532.833781463436,199.78243871136502,8,8,357,1,1,3.0,12.0,2142000,406.0,6736,3811702
0.5009398496240601,5500.0,7213.873435337997,168.90625,0.500116639099012,3027.6503540974913,3971.106629257377,80.99279190934118,8,8,266,1,1,3.0,12.0,1596000,317.0,2068,2554234
0.5040613718411552,5500.0,6735.390553082385,254.0,0.5000963553447355,3027.6503540974913,3707.710471459051,112.59535641275038,8,8,277,1,1,3.0,12.0,1662000,341.0,3269,2635165
1.0,5500.0,10838.010687920456,488.859375,0.7718449849879597,3027.6503540974913,5966.128526726322,195.88682083637212,8,8,6,1,2,5.0,7.0,90000,20.0,3906,190463
1.0150343642611683,5500.0,6537.049969992591,119.109375,0.8152167442039269,3027.6503540974913,3598.5275738911023,71.04885803568277,8,8,291,1,2,4.0,19.0,2910000,1213.0,2024,7114753
0.49542025862068967,5500.0,8705.021831275506,381.59375,0.5000463854518798,3027.6503540974913,4791.956805434123,156.41242985864554,8,8,464,1,1,3.0,15.0,2784000,530.0,6152,4732163
0.4970997679814385,5500.0,5525.041052409457,300.203125,0.5000641089390182,3027.6503540974913,3041.434999769213,127.86503048850142,8,8,431,1,1,3.0,13.0,2586000,518.0,4102,3789538
0.4947916666666667,5500.0,7672.175995012377,222.375,0.5001031246788322,3027.6503540974913,4223.393885090455,100.87214916016451,8,8,240,1,1,3.0,13.0,1440000,282.0,2795,2314633
0.9803530751708428,5500.0,8336.328680770783,257.25,0.816318255819412,3027.6503540974913,4588.997905856134,113.54420158812917,8,8,439,1,2,5.0,19.0,6585000,1307.0,5345,11587595
1.0349025974025974,5500.0,7042.483582013678,367.765625,0.830715775023087,3027.6503540974913,3876.7596201471792,150.64472471785217,8,8,154,1,2,5.0,17.0,2310000,515.0,6843,3982710
0.4946969696969697,5500.0,7661.714616662738,137.46875,0.5001613680375958,3027.6503540974913,4217.635085842339,73.43131306258412,8,8,165,1,1,3.0,12.0,990000,190.0,1506,1573796
0.493359375,5500.0,6204.594518027236,280.640625,0.5000535764085836,3027.6503540974913,3415.5168708248207,118.70870940454228,8,8,320,1,1,3.0,12.0,1920000,360.0,3629,2847550
1.0376712328767124,5500.0,6615.750088907118,147.046875,0.8128167495808409,3027.6503540974913,3641.8505635091183,78.16495168948195,8,8,73,1,2,4.0,13.0,730000,316.0,1765,1789082
0.5216836734693877,5500.0,9466.807349760023,306.515625,0.4998484796610254,3027.6503540974913,5211.3059317588495,130.17277800268576,8,8,98,1,1,3.0,11.0,588000,129.0,3640,1137272
1.0067401960784315,5500.0,5642.836118350981,454.78125,0.816343576549931,3027.6503540974913,3106.279049425357,180.50242655450228,8,8,204,1,2,4.0,16.0,2040000,835.0,8077,4484756
1.0138888888888888,5500.0,9005.967971977338,398.359375,0.8004583628981526,3027.6503540974913,4957.6222035177925,160.54098692278822,8,8,162,1,2,5.0,17.0,2430000,517.0,7342,4554563
1.0061475409836065,5500.0,10611.243176793369,431.3125,0.8149376982863448,3027.6503540974913,5841.297120296915,175.30335385558337,8,8,366,1,2,5.0,18.0,5490000,1151.0,8627,11056989
0.4959061135371179,5500.0,9030.032104492664,370.8125,0.5000514829359275,3027.6503540974913,4970.869072487078,151.13190654062157,8,8,458,1,1,3.0,13.0,2748000,533.0,5402,4735084
0.5003125,5500.0,9081.683338446504,340.515625,0.5000780456437948,3027.6503540974913,4999.3021409907005,142.71160753977688,8,8,400,1,1,3.0,13.0,2400000,475.0,4885,4179941
0.9943524096385542,5500.0,6626.386322282866,486.890625,0.8069648060301116,3027.6503540974913,3647.7056172811813,194.47765752341232,8,8,332,1,2,4.0,17.0,3320000,1320.0,9552,7794532
0.9722222222222222,5500.0,6965.9696178895,179.640625,0.8167557740975204,3027.6503540974913,3834.640069133729,86.26691086803957,8,8,279,1,2,4.0,18.0,2790000,1064.0,3489,6499385
0.4949596774193548,5500.0,10501.632503207922,507.25,0.5000586167863548,3027.6503540974913,5780.958430352581,200.66381899577277,8,8,372,1,1,3.0,12.0,2232000,424.0,7104,4053022
0.9945833333333334,5500.0,5944.894008130468,185.671875,0.8133242177468615,3027.6503540974913,3272.5564452342305,89.27557740075443,8,8,300,1,2,4.0,19.0,3000000,1200.0,3729,6634438
1.017100977198697,5500.0,7904.684044825028,181.84375,0.8186426993684041,3027.6503540974913,4351.385354062417,86.54042430958228,8,8,307,1,2,5.0,19.0,4605000,998.0,3127,8352073
1.0086206896551724,5500.0,7480.569637930431,193.515625,0.8154603089518776,3027.6503540974913,4117.918056932911,91.00688831202886,8,8,464,1,2,5.0,19.0,6960000,1453.0,3632,11722634
1.0076462765957446,5500.0,7120.094972341872,378.921875,0.8050439873876243,3027.6503540974913,3919.483284403388,154.84906165308612,8,8,376,1,2,4.0,18.0,3760000,1541.0,7224,9318309
0.4912109375,5500.0,10962.734886003354,407.5625,0.5000448425787865,3027.6503540974913,6034.786938088177,166.24726993820008,8,8,256,1,1,3.0,12.0,1536000,297.0,5210,2906569
0.503968253968254,5500.0,7578.185868504164,427.453125,0.5001083028949264,3027.6503540974913,4171.654023307861,171.20552298681977,8,8,252,1,1,3.0,12.0,1512000,305.0,5455,2479196
0.49387755102040815,5500.0,9124.45202666728,381.921875,0.5000262971457883,3027.6503540974913,5022.845528997232,158.72270965904008,8,8,490,1,1,3.0,14.0,2940000,568.0,5646,5123902
0.9808673469387755,5500.0,9323.021704192766,380.375,0.810777507266166,3027.6503540974913,5132.154538901424,155.83003561573102,8,8,98,1,2,5.0,15.0,1470000,289.0,6050,2703299
0.5105748373101953,5500.0,9723.875092562546,136.140625,0.4999559463491873,3027.6503540974913,5352.817066763049,75.43227114280667,8,8,461,1,1,3.0,13.0,2766000,576.0,1841,5159914
0.5075167037861915,5500.0,7836.061512135462,279.65625,0.5000131017491942,3027.6503540974913,4313.609893081211,118.61077050990092,8,8,449,1,1,3.0,14.0,2694000,570.0,4329,4633124
1.024234693877551,5500.0,7285.110971152719,123.6875,0.8141801804716357,3027.6503540974913,4010.321602081827,67.43435961839377,8,8,392,1,2,5.0,18.0,5880000,1279.0,2051,10279609
0.5048200514138818,5500.0,8739.403482463436,237.28125,0.5000571163869602,3027.6503540974913,4810.883281505687,105.9079367725978,8,8,389,1,1,3.0,12.0,2334000,469.0,3094,4051606
0.4675196850393701,5500.0,6447.976882587155,336.296875,0.49918963849284764,3027.6503540974913,3549.4944530504436,140.64090033564995,8,8,127,1,1,3.0,12.0,762000,122.0,3946,1070759
0.5075757575757576,5500.0,6907.663682686956,432.796875,0.5002585241318287,3027.6503540974913,3802.543708158827,174.72247197284494,8,8,99,1,1,3.0,11.0,594000,121.0,5360,991213
0.9780334728033473,5500.0,7168.793030092054,476.78125,0.8136323469163343,3027.6503540974913,3946.2906829108797,189.9945252970652,8,8,239,1,2,4.0,17.0,2390000,924.0,9002,5817865
1.016705069124424,5500.0,6164.701255820258,219.234375,0.8247523232439413,3027.6503540974913,3393.5563527435374,99.83681004956547,8,8,434,1,2,4.0,19.0,4340000,1804.0,4540,10085558
0.48214285714285715,5500.0,8616.157556780727,159.90625,0.5019267894130597,3027.6503540974913,4743.038632317626,82.0340074177525,8,8,14,1,1,3.0,8.0,84000,16.0,1049,138313
0.9908536585365854,5500.0,10660.045822920658,159.15625,0.8298338966070965,3027.6503540974913,5868.162092811131,83.50785891160184,8,8,123,1,2,5.0,15.0,1845000,373.0,2255,3704041
0.49058823529411766,5500.0,8260.430359265007,320.375,0.4999849434418532,3027.6503540974913,4547.217254950249,134.56838705153152,8,8,425,1,1,3.0,13.0,2550000,473.0,4614,4188677
1.00365990990991,5500.0,6471.575667176721,167.109375,0.8160858876705085,3027.6503540974913,3562.4851564175106,84.74576679740036,8,8,444,1,2,4.0,18.0,4440000,1808.0,3066,10498108
0.5127551020408163,5500.0,8515.992721980418,100.453125,0.5000499323743219,3027.6503540974913,4687.899705490122,68.21881918991758,8,8,147,1,1,3.0,12.0,882000,186.0,1074,1547321
1.0,5500.0,10306.383594308627,512.703125,0.8263504344229115,3027.6503540974913,5673.477443413289,202.6445539070187,8,8,170,1,2,5.0,16.0,2550000,528.0,9260,4995314
0.5193418013856813,5500.0,7242.572936412711,205.234375,0.49969788715900665,3027.6503540974913,3986.9051846376096,95.46739527979139,8,8,433,1,1,3.0,14.0,2598000,566.0,3085,4345887
0.49375,5500.0,10135.940234064155,122.4375,0.5015306758992162,3027.6503540974913,5579.651461595518,71.62532029901513,8,8,20,1,1,3.0,9.0,120000,20.0,919,200164
0.986449864498645,5500.0,10753.95935091727,153.59375,0.8060803318420339,3027.6503540974913,5919.859788500855,77.55115439256238,8,8,369,1,2,5.0,19.0,5535000,1104.0,2855,10912879
0.4848668280871671,5500.0,7961.50572519066,209.140625,0.49984658300405443,3027.6503540974913,4382.664659640493,95.39839058698685,8,8,413,1,1,3.0,12.0,2478000,460.0,2712,3996293
1.0166666666666666,5500.0,7607.60109051765,380.25,0.8246098861393873,3027.6503540974913,4187.84657009786,155.39922984017855,8,8,135,1,2,5.0,16.0,2025000,435.0,6578,3540649
0.5141509433962265,5500.0,5843.870635306817,341.796875,0.5000946648039175,3027.6503540974913,3216.944908779385,138.47424603685766,8,8,106,1,1,3.0,11.0,636000,133.0,4357,1002677
0.9779411764705882,5500.0,10240.822892190528,236.46875,0.8202941352575898,3027.6503540974913,5637.387464689155,105.48918078127615,8,8,255,1,2,5.0,17.0,3825000,742.0,4162,7216081
0.9789915966386554,5500.0,7234.613044144261,503.546875,0.8110565035030729,3027.6503540974913,3982.5234081566737,197.81761117672679,8,8,119,1,2,4.0,15.0,1190000,457.0,8611,2908610
0.4375,5500.0,5596.957285603334,118.671875,0.49868247465327653,3027.6503540974913,3081.023583204631,73.75744346348944,8,8,12,1,1,2.0,6.0,36000,18.0,553,96593
0.9910714285714286,5500.0,9690.122028385802,262.09375,0.7878270620403364,3027.6503540974913,5334.23661645276,114.33336370261986,8,8,70,1,2,5.0,15.0,1050000,207.0,4025,1878566
0.5219907407407407,5500.0,9736.32469169807,306.078125,0.49958845688514564,3027.6503540974913,5359.6703455323295,127.32514367673647,8,8,432,1,1,3.0,13.0,2592000,585.0,4412,5037574
0.5002821670428894,5500.0,9411.555829898696,172.0625,0.5000704770631719,3027.6503540974913,5180.890971091108,83.22028045714025,8,8,443,1,1,3.0,13.0,2658000,519.0,2438,4691623
0.9647727272727272,5500.0,9974.238599025526,490.671875,0.8052077047069999,3027.6503540974913,5490.637641125911,193.65761430261645,8,8,110,1,2,5.0,16.0,1650000,312.0,8827,3096931
0.5138888888888888,5500.0,6218.169761911825,463.296875,0.5000113562805923,3027.6503540974913,3422.989796634664,184.7287741259584,8,8,153,1,1,3.0,12.0,918000,190.0,5894,1431523
0.4975728155339806,5500.0,7562.860697655129,160.96875,0.5002977796517842,3027.6503540974913,4163.217794408282,82.1075502106067,8,8,103,1,1,3.0,10.0,618000,123.0,1863,1014507
0.9780066815144766,5500.0,6904.094942422149,340.25,0.8160296268803194,3027.6503540974913,3800.5791812994767,142.52474026393307,8,8,449,1,2,4.0,18.0,4490000,1749.0,6624,10652566
0.5034722222222222,5500.0,10090.346185764227,253.875,0.5002775398121319,3027.6503540974913,5554.552764053698,114.282093196602,8,8,108,1,1,3.0,11.0,648000,128.0,2752,1184623
0.9725274725274725,5500.0,8834.719197516755,143.796875,0.8387540289709037,3027.6503540974913,4863.352855766093,71.93497497740582,8,8,91,1,2,5.0,16.0,1365000,268.0,2245,2430624
0.9909574468085106,5500.0,6471.008056657702,369.796875,0.8067194775002378,3027.6503540974913,3562.172697110439,152.49493144712545,8,8,235,1,2,4.0,17.0,2350000,931.0,6788,5458166
0.5238970588235294,5500.0,9335.473638885045,207.578125,0.4998882715596547,3027.6503540974913,5139.009103352383,96.01881506883025,8,8,68,1,1,3.0,10.0,408000,93.0,2258,773493
1.0090293453724606,5500.0,9464.705399486422,428.859375,0.8192075814560819,3027.6503540974913,5210.148846215182,172.3955278014844,8,8,443,1,2,5.0,20.0,6645000,1400.0,9304,12761620
0.9665094339622642,5500.0,10466.242125130546,498.140625,0.8153269189775936,3027.6503540974913,5761.476668403924,195.7608572826744,8,8,265,1,2,5.0,18.0,3975000,764.0,9943,7735664
0.5190397350993378,5500.0,10268.663403532379,358.328125,0.4998442890040571,3027.6503540974913,5652.713161784139,145.8800392894629,8,8,151,1,1,3.0,12.0,906000,204.0,4542,1823520
0.5035377358490566,5500.0,9579.90030486685,141.109375,0.5000612015536362,3027.6503540974913,5273.5615545906885,73.97878657490429,8,8,424,1,1,3.0,13.0,2544000,518.0,2095,4667607
0.4975328947368421,5500.0,6173.285571650421,372.8125,0.5001996298468631,3027.6503540974913,3398.2818630822426,151.89249278710045,8,8,152,1,1,3.0,11.0,912000,171.0,4460,1330631
0.47596153846153844,5500.0,6822.589688203819,136.375,0.5000231690646771,3027.6503540974913,3755.712015518579,71.6290045003718,8,8,52,1,1,3.0,10.0,312000,53.0,1527,451219
0.9886919315403423,5500.0,10676.231894356684,272.484375,0.8085793410290144,3027.6503540974913,5877.072231886536,116.84381003057166,8,8,409,1,2,5.0,19.0,6135000,1220.0,5897,12014766
0.4942708333333333,5500.0,10276.644141961726,122.625,0.5000974262385435,3027.6503540974913,5657.10641369897,71.24594112638367,8,8,240,1,1,3.0,11.0,1440000,281.0,1346,2592330
0.5011467889908257,5500.0,6490.844913364832,107.921875,0.5001420947958838,3027.6503540974913,3573.092527334715,67.64081248690681,8,8,218,1,1,3.0,12.0,1308000,251.0,1101,1952285
0.5013940520446096,5500.0,7079.4142454034245,251.78125,0.5001142676699412,3027.6503540974913,3897.0892812542734,112.07812875152959,8,8,269,1,1,3.0,12.0,1614000,312.0,3318,2511899
0.9375,5500.0,8825.268281957453,226.6875,0.8170510778207908,3027.6503540974913,4858.150297977062,102.44810920346495,8,8,26,1,2,5.0,11.0,390000,71.0,2549,647679
1.0016937669376693,5500.0,7194.2047218828275,502.90625,0.8147637052211832,3027.6503540974913,3960.27935884698,198.13693507189046,8,8,369,1,2,4.0,17.0,3690000,1487.0,9626,9148909
0.46543778801843316,5500.0,9084.932316153918,329.6875,0.498947749992461,3027.6503540974913,5001.090644355482,136.11245059269635,8,8,217,1,1,3.0,12.0,1302000,212.0,4201,2069335
1.0090144230769231,5500.0,8352.585191905679,418.421875,0.8143573303455803,3027.6503540974913,4597.9468207095815,167.36167514559503,8,8,208,1,2,5.0,18.0,3120000,661.0,7870,5583530
0.9753886010362695,5500.0,10422.830296404234,449.78125,0.8094807497077131,3027.6503540974913,5737.579243201154,180.9495649060327,8,8,193,1,2,5.0,16.0,2895000,565.0,7819,5415669
0.9788690476190476,5500.0,9945.604377102518,421.359375,0.820890479681136,3027.6503540974913,5474.875020736,169.80253397883945,8,8,420,1,2,5.0,19.0,6300000,1246.0,9003,11883966
0.9270833333333334,5500.0,9832.759270897506,454.734375,0.8110395105784293,3027.6503540974913,5412.755834234224,181.30805515226078,8,8,12,1,2,5.0,10.0,180000,30.0,4953,315461
0.5673076923076923,5500.0,7130.430945364589,196.609375,0.4978482452314758,3027.6503540974913,3925.173050291057,89.7793798907713,8,8,13,1,1,3.0,8.0,78000,20.0,1671,135418
0.9699197860962567,5500.0,6426.934572501818,140.953125,0.8094948217691852,3027.6503540974913,3537.9110425811896,78.69217296095883,8,8,187,1,2,4.0,16.0,1870000,712.0,2356,4121783
0.9967105263157895,5500.0,6700.37638731928,165.59375,0.8177577571914209,3027.6503540974913,3688.4358075733985,84.95352954727474,8,8,342,1,2,4.0,17.0,3420000,1369.0,3011,8254592
1.0008680555555556,5500.0,10065.115980380922,174.921875,0.8237351792156035,3027.6503540974913,5540.66399309684,84.82780030370397,8,8,144,1,2,5.0,17.0,2160000,447.0,2942,4150345
1.0080321285140563,5500.0,9161.160697127289,360.0625,0.8119344199853245,3027.6503540974913,5043.052987018447,146.80133157563986,8,8,498,1,2,5.0,19.0,7470000,1579.0,7610,13957049
0.500615763546798,5500.0,6044.568192278431,211.921875,0.5000766089979866,3027.6503540974913,3327.4252777669503,100.29580134710098,8,8,406,1,1,3.0,13.0,2436000,479.0,2939,3633565
0.49916294642857145,5500.0,7370.430090700576,90.40625,0.5000690683077952,3027.6503540974913,4057.2882316291643,63.508459316550145,8,8,448,1,1,3.0,14.0,2688000,529.0,996,4318531
0.9768656716417911,5500.0,5877.115991535948,354.84375,0.8170828380166439,3027.6503540974913,3235.245875062881,144.06339199358877,8,8,335,1,2,4.0,18.0,3350000,1301.0,6951,7233710
0.4964788732394366,5500.0,6354.364031695493,257.671875,0.5002078118740997,3027.6503540974913,3497.962274659495,113.13639116549714,8,8,142,1,1,3.0,12.0,852000,173.0,3076,1317212
0.4894366197183099,5500.0,5937.031796468173,446.796875,0.5003290270468636,3027.6503540974913,3268.22844015726,176.35508729684037,8,8,71,1,1,3.0,11.0,426000,81.0,5397,639733
0.5131578947368421,5500.0,6070.184012982921,247.0625,0.4999182074926086,3027.6503540974913,3341.526322971759,109.2768255540698,8,8,342,1,1,3.0,12.0,2052000,433.0,3422,3194409
0.4820859872611465,5500.0,6441.138928896939,416.21875,0.49977847319857704,3027.6503540974913,3545.7302834301745,168.48140293492526,8,8,314,1,1,3.0,12.0,1884000,338.0,5449,2756075
0.4979508196721312,5500.0,5655.99020102507,322.125,0.5000598494944862,3027.6503540974913,3113.5201336191813,134.19974451753413,8,8,488,1,1,3.0,14.0,2928000,563.0,4654,4245872
0.5,5500.0,6116.119239827358,235.859375,0.5012062743707415,3027.6503540974913,3366.812833121051,105.24376348261272,8,8,26,1,1,3.0,8.0,156000,32.0,2212,241614
0.5036127167630058,5500.0,6701.44384609235,370.34375,0.5000772881473842,3027.6503540974913,3689.0234242883557,148.93188160076022,8,8,346,1,1,3.0,13.0,2076000,431.0,5341,3348523
0.4844789356984479,5500.0,7838.141504011181,152.75,0.4998283099733562,3027.6503540974913,4314.7548909246725,80.16213728418332,8,8,451,1,1,3.0,13.0,2706000,476.0,2135,4235860
0.9915393013100436,5500.0,7366.225185451805,509.28125,0.8192899781780902,3027.6503540974913,4054.973507471822,200.68165335192825,8,8,458,1,2,4.0,18.0,4580000,1814.0,10175,11491658
0.49947916666666664,5500.0,7041.8106223565965,246.34375,0.5001299878799448,3027.6503540974913,3876.3891680482598,105.6298146268147,8,8,240,1,1,3.0,12.0,1440000,283.0,3187,2281803
0.5011737089201878,5500.0,9271.097798945655,387.75,0.5001454002223453,3027.6503540974913,5103.571369790962,156.8850554862401,8,8,213,1,1,3.0,12.0,1278000,255.0,5161,2254098
0.4922752808988764,5500.0,7058.241904959965,512.625,0.5000281186964397,3027.6503540974913,3885.4342914286894,203.66861506355062,8,8,356,1,1,3.0,13.0,2136000,389.0,7449,3271484
0.4984848484848485,5500.0,10194.874294431032,270.984375,0.5000608472930372,3027.6503540974913,5612.09359409337,116.1381897442159,8,8,495,1,1,3.0,13.0,2970000,592.0,3469,5574089
0.5039473684210526,5500.0,9835.760204667284,457.734375,0.5000940998263156,3027.6503540974913,5414.407793905258,182.44818722537477,8,8,285,1,1,3.0,12.0,1710000,353.0,6058,3169962
0.5096153846153846,5500.0,6497.725574025446,461.8125,0.5002082321184187,3027.6503540974913,3576.880206368449,185.14437738205953,8,8,104,1,1,3.0,12.0,624000,129.0,5996,990324
0.4992559523809524,5500.0,8775.180276005001,427.4375,0.500185561957215,3027.6503540974913,4830.577758166521,172.30545735675534,8,8,168,1,1,3.0,11.0,1008000,204.0,5252,1787063
0.9810606060606061,5500.0,8700.171114779343,412.734375,0.816895534245376,3027.6503540974913,4789.286573885534,167.484871829269,8,8,330,1,2,5.0,19.0,4950000,974.0,8428,8652046
0.9734738372093024,5500.0,7999.03278008026,433.515625,0.816288109529633,3027.6503540974913,4403.322623463171,174.25478447008072,8,8,344,1,2,5.0,19.0,5160000,996.0,8844,8774226
0.50032722513089,5500.0,9643.286516390483,501.75,0.5000817192711815,3027.6503540974913,5308.454515638766,199.1954452210828,8,8,382,1,1,3.0,13.0,2292000,440.0,7313,4108744
1.1206896551724137,5500.0,7938.974859861881,463.265625,0.8021094743841706,3027.6503540974913,4370.261826478529,183.51992601362835,8,8,29,1,2,5.0,11.0,435000,116.0,5594,854864
1.0080645161290323,5500.0,6857.876591037583,217.890625,0.8126038191625651,3027.6503540974913,3775.136816220335,103.53668427219101,8,8,186,1,2,4.0,17.0,1860000,763.0,3819,4573304
0.4937106918238994,5500.0,8945.377454578347,478.84375,0.5000259643596068,3027.6503540974913,4924.268221434518,192.51882767131247,8,8,477,1,1,3.0,13.0,2862000,536.0,6771,4892053
0.47873900293255134,5500.0,7472.548012199288,393.4375,0.4996393500086237,3027.6503540974913,4113.502297299215,160.72206859461875,8,8,341,1,1,3.0,12.0,2046000,357.0,5192,3180226
1.0206896551724138,5500.0,9914.51513346485,290.796875,0.8256890171100519,3027.6503540974913,5457.760955370872,123.04924548926007,8,8,290,1,2,5.0,18.0,4350000,946.0,5799,8528909
0.45982142857142855,5500.0,8546.671795099177,104.390625,0.49949926880702955,3027.6503540974913,4704.78797941583,67.33795768832702,8,8,28,1,1,3.0,9.0,168000,25.0,697,266595
1.0197981366459627,5500.0,6891.250552402256,420.171875,0.820132666282305,3027.6503540974913,3793.508577300951,168.50750580875882,8,8,322,1,2,4.0,18.0,3220000,1343.0,8331,7992065
0.49889380530973454,5500.0,10043.382097518608,232.828125,0.5002755539762187,3027.6503540974913,5528.699884343385,101.63154033113621,8,8,113,1,1,3.0,10.0,678000,131.0,2216,1218906
0.4921875,5500.0,9134.60048202475,537.796875,0.5001343642761865,3027.6503540974913,5028.432069807519,212.57612490345255,8,8,160,1,1,3.0,12.0,960000,183.0,6851,1637829
0.5,5500.0,9925.943246561608,251.71875,0.5001270809526175,3027.6503540974913,5464.05192458252,110.53010345530882,8,8,246,1,1,3.0,12.0,1476000,283.0,3733,2656408
1.0025,5500.0,6096.156444749761,128.03125,0.7931370726678335,3027.6503540974913,3355.823676105513,74.35798624927668,8,8,50,1,2,4.0,13.0,500000,201.0,1717,1183378
0.5102339181286549,5500.0,9560.683251491564,276.3125,0.4999866361257569,3027.6503540974913,5262.982914871344,118.89996796026642,8,8,342,1,1,3.0,13.0,2052000,414.0,3989,3702165
1.0,5500.0,7472.711655737383,293.21875,0.8190682300699921,3027.6503540974913,4113.5923801021345,124.50211558730352,8,8,119,1,2,5.0,17.0,1785000,363.0,5249,3028002
1.001595744680851,5500.0,5965.555161130668,200.25,0.818556477038793,3027.6503540974913,3283.9300356337067,95.59986052988432,8,8,235,1,2,4.0,18.0,2350000,953.0,3715,5315884
0.9899193548387096,5500.0,10643.27821671013,440.75,0.8071839473735206,3027.6503540974913,5858.931829378282,176.15009833337348,8,8,186,1,2,5.0,17.0,2790000,562.0,8162,5563479
0.49187219730941706,5500.0,8322.208035081097,433.359375,0.5000040071950365,3027.6503540974913,4581.224746233867,174.52996897222107,8,8,446,1,1,3.0,13.0,2676000,505.0,6166,4375357
0.4601063829787234,5500.0,6847.344527309309,400.734375,0.49907005719218983,3027.6503540974913,3769.3391059519176,162.92906648098455,8,8,47,1,1,3.0,10.0,282000,42.0,4236,404508
0.9659090909090909,5500.0,9552.242021796901,281.546875,0.8122826846628952,3027.6503540974913,5258.336170857877,119.71075321174706,8,8,44,1,2,5.0,16.0,660000,125.0,4737,1189242
0.9956317204301075,5500.0,6014.142119766311,366.515625,0.8114606008165212,3027.6503540974913,3310.676276091475,148.97426987677255,8,8,372,1,2,4.0,18.0,3720000,1486.0,7699,8350934
0.4807692307692308,5500.0,9973.419206219307,351.53125,0.5008354224706334,3027.6503540974913,5490.186580231382,143.83510938041584,8,8,26,1,1,3.0,9.0,156000,27.0,3358,259092
0.9890897755610972,5500.0,5884.189053633224,106.5625,0.8077844954733339,3027.6503540974913,3239.139467601675,68.597485955136,8,8,401,1,2,4.0,20.0,4010000,1585.0,2098,8720519
0.5058479532163743,5500.0,9549.731608462722,108.984375,0.5001486365569683,3027.6503540974913,5256.954233799668,69.21429620824858,8,8,171,1,1,3.0,13.0,1026000,209.0,1195,1879726
0.5010548523206751,5500.0,7304.232550726269,354.140625,0.5001307957132515,3027.6503540974913,4020.8476852030576,145.30677642764513,8,8,237,1,1,3.0,12.0,1422000,285.0,4420,2285663
1.0029317697228144,5500.0,7834.2740057366955,418.09375,0.8175246221002046,3027.6503540974913,4312.625903193723,165.80048430338826,8,8,469,1,2,5.0,19.0,7035000,1467.0,8675,12121709
0.9925149700598802,5500.0,8497.776407237738,125.328125,0.8182950896273992,3027.6503540974913,4677.871954257209,74.26295081058413,8,8,167,1,2,5.0,18.0,2505000,501.0,2096,4473945
1.0,5500.0,8475.011092050558,383.890625,0.8137929424417762,3027.6503540974913,4665.340060695825,157.7202785310774,8,8,227,1,2,5.0,18.0,3405000,698.0,7660,6089223
1.024702380952381,5500.0,7642.884775469311,273.5625,0.8197018936884974,3027.6503540974913,4207.269599413817,114.328248533328,8,8,420,1,2,5.0,20.0,6300000,1380.0,5869,10969418
0.5016556291390728,5500.0,10058.208977944481,299.140625,0.5002043399698842,3027.6503540974913,5536.86181339276,124.16436459195452,8,8,151,1,1,3.0,11.0,906000,183.0,3177,1675430
0.5030737704918032,5500.0,10634.481620600422,430.46875,0.5002468915456159,3027.6503540974913,5854.089462591661,174.12183006834383,8,8,122,1,1,3.0,10.0,732000,148.0,4617,1355350
0.5416666666666666,5500.0,6485.888375594672,257.828125,0.5089773777040515,3027.6503540974913,3570.3640430920027,111.09763397927811,8,8,3,1,1,3.0,5.0,18000,5.0,1338,33489
1.0151515151515151,5500.0,8475.317709218416,134.171875,0.8217614116072917,3027.6503540974913,4665.508847891615,73.99668690298944,8,8,66,1,2,5.0,15.0,990000,210.0,1622,1768269
1.0149402390438247,5500.0,10224.618139320348,71.078125,0.8052987799425275,3027.6503540974913,5628.467041822708,51.36990184413622,8,8,251,1,2,5.0,19.0,3765000,796.0,1179,7421015
1.00625,5500.0,10931.27243253774,436.046875,0.8151917673497807,3027.6503540974913,6017.467427474371,174.20444381257218,8,8,40,1,2,6.0,14.0,840000,88.0,6825,1200601
0.5027855153203342,5500.0,10787.406649973278,451.765625,0.5000793095850985,3027.6503540974913,5938.2719206518605,182.1816416262487,8,8,359,1,1,3.0,12.0,2154000,435.0,6312,4113813
0.4879356568364611,5500.0,8767.475986670348,213.9375,0.4999382072598043,3027.6503540974913,4826.336686469769,95.63685863807285,8,8,373,1,1,3.0,12.0,2238000,418.0,2590,3761349
0.5044642857142857,5500.0,10409.025748368955,469.015625,0.5005390191419696,3027.6503540974913,5729.98008961076,188.00206788693018,8,8,56,1,1,3.0,10.0,336000,67.0,5485,634830
0.5145089285714286,5500.0,9181.516473200965,515.0625,0.4998824393933905,3027.6503540974913,5054.25847295252,204.31324184607024,8,8,336,1,1,3.0,12.0,2016000,436.0,6643,3747099
0.49028497409326427,5500.0,6334.252020648175,427.296875,0.5000675745726266,3027.6503540974913,3486.890976956036,171.53514885196756,8,8,193,1,1,3.0,12.0,1158000,204.0,5579,1682988
0.5277777777777778,5500.0,9605.521630976506,128.28125,0.4995748462880549,3027.6503540974913,5287.6656304212975,75.0186154146433,8,8,90,1,1,3.0,11.0,540000,124.0,1287,1033788
0.546875,5500.0,7360.565943017007,515.890625,0.49835439489210626,3027.6503540974913,4051.858197042432,203.58634665820526,8,8,56,1,1,3.0,9.0,336000,82.0,5373,614383
1.0102848101265822,5500.0,8597.244134757451,217.34375,0.8002702915660594,3027.6503540974913,4732.627136156542,99.44117168951766,8,8,158,1,2,5.0,17.0,2370000,494.0,3583,4213393
0.4973404255319149,5500.0,10327.07857978878,404.390625,0.5006591400025421,3027.6503540974913,5684.869657980023,161.39330026686903,8,8,47,1,1,3.0,10.0,282000,53.0,4299,505984
0.9808728448275862,5500.0,10402.236095914679,493.109375,0.8118035803572043,3027.6503540974913,5726.242508945779,196.19460028389048,8,8,464,1,2,5.0,19.0,6960000,1384.0,10188,13517923
0.9663461538461539,5500.0,5503.669786654396,515.1875,0.8534228414246533,3027.6503540974913,3029.6705051636086,204.90833219558107,8,8,26,1,2,4.0,13.0,260000,97.0,6945,533122
0.4959183673469388,5500.0,8302.770671569282,112.609375,0.5001109355946598,3027.6503540974913,4570.524829775819,70.24732208362562,8,8,245,1,1,3.0,12.0,1470000,280.0,1210,2419235
0.508,5500.0,9170.96198032048,154.734375,0.500061026790988,3027.6503540974913,5048.448415842171,77.79750724114821,8,8,250,1,1,3.0,14.0,1500000,304.0,2114,2650985
0.9705882352941176,5500.0,6957.124969467224,417.6875,0.8245646859829766,3027.6503540974913,3829.7712504196265,169.03957224309042,8,8,136,1,2,4.0,16.0,1360000,516.0,7670,3165138
1.0121490280777539,5500.0,8455.10465700315,172.265625,0.8184434377184517,3027.6503540974913,4654.381928855806,85.25894119429016,8,8,463,1,2,5.0,19.0,6945000,1472.0,3513,12544255
1.1041666666666667,5500.0,10228.567711167103,423.90625,0.826905030716685,3027.6503540974913,5630.641209568227,170.7901077717864,8,8,12,1,2,5.0,10.0,180000,46.0,4745,417212
0.5375,5500.0,10580.324752252398,340.40625,0.501737487466418,3027.6503540974913,5824.277087749715,141.04774816318326,8,8,10,1,1,4.0,8.0,100000,6.0,2622,125706
0.9875637755102041,5500.0,7751.64553902564,209.71875,0.8118961968921138,3027.6503540974913,4267.140429285312,98.44045315550065,8,8,392,1,2,5.0,20.0,5880000,1175.0,4275,9882715
0.5207055214723927,5500.0,8415.40201823721,115.75,0.49976276100103834,3027.6503540974913,4632.526345525206,66.09901183133803,8,8,163,1,1,3.0,13.0,978000,215.0,1492,1756769
0.48555276381909546,5500.0,6872.211578863693,322.953125,0.4999482773799806,3027.6503540974913,3783.027967305372,135.77647710892748,8,8,199,1,1,3.0,12.0,1194000,210.0,4105,1772872
0.5087920489296636,5500.0,5911.898809365493,270.875,0.5000182722759202,3027.6503540974913,3254.3931861025408,116.0437109762647,8,8,327,1,1,3.0,12.0,1962000,408.0,3669,3002939
0.5148809523809523,5500.0,6840.057762330117,456.125,0.49992731823759734,3027.6503540974913,3765.327873848377,182.1642813419398,8,8,210,1,1,3.0,12.0,1260000,270.0,6097,1998605
0.9848191214470284,5500.0,8569.368222762087,161.171875,0.8257344111987868,3027.6503540974913,4717.281951643167,80.41628885921614,8,8,387,1,2,5.0,20.0,5805000,1157.0,3044,10150377
0.4956293706293706,5500.0,10866.177632520279,442.90625,0.5000537541957214,3027.6503540974913,5981.633919415686,178.86438231773468,8,8,429,1,1,3.0,13.0,2574000,508.0,6221,4919413
0.4965490797546012,5500.0,8173.990455890566,403.84375,0.500083975195114,3027.6503540974913,4499.633654212107,162.30299107748573,8,8,326,1,1,3.0,12.0,1956000,389.0,5672,3351250
0.49428934010152287,5500.0,5535.248624788458,422.625,0.5000467157236481,3027.6503540974913,3047.054083428805,171.27444791309796,8,8,394,1,1,3.0,12.0,2364000,454.0,5231,3462191
0.4990335051546392,5500.0,6388.8203855632655,367.90625,0.5000796264393478,3027.6503540974913,3516.92987320289,150.19867464488283,8,8,388,1,1,3.0,12.0,2328000,439.0,4919,3475937
1.0008802816901408,5500.0,9423.381072874812,261.421875,0.8167956173169227,3027.6503540974913,5187.400553106369,112.90940386939813,8,8,426,1,2,5.0,20.0,6390000,1326.0,5465,12200268
0.4904214559386973,5500.0,7110.842047843134,265.625,0.5000279959190432,3027.6503540974913,3914.389717106109,117.78599102838878,8,8,261,1,1,3.0,12.0,1566000,299.0,3053,2483119
0.5078125,5500.0,9172.322642331279,325.515625,0.5019033653891717,3027.6503540974913,5049.197435627408,136.10698315330936,8,8,16,1,1,3.0,8.0,96000,18.0,2665,167040
1.0095029239766082,5500.0,9050.137462513942,144.140625,0.8243178829755822,3027.6503540974913,4981.936707820239,77.25999543645644,8,8,171,1,2,5.0,20.0,2565000,535.0,2670,4772613
0.525,5500.0,7165.633944711703,292.84375,0.4999430491484001,3027.6503540974913,3944.5516636435264,122.44172164100233,8,8,55,1,1,3.0,10.0,330000,73.0,3240,542998
1.024402390438247,5500.0,8276.326971302833,81.5625,0.818265657371215,3027.6503540974913,4555.968051871208,59.9237279765134,8,8,251,1,2,5.0,20.0,3765000,831.0,1285,6873670
0.49684115523465705,5500.0,7856.375681752327,201.25,0.5001028734290861,3027.6503540974913,4324.792475414611,91.15502232591518,8,8,277,1,1,3.0,12.0,1662000,329.0,2577,2771612
0.9973175965665236,5500.0,9065.677739180144,324.90625,0.805571909873246,3027.6503540974913,4990.491348575002,135.14480402721946,8,8,233,1,2,5.0,18.0,3495000,714.0,6181,6324728
0.4852941176470588,5500.0,5855.000565550276,447.890625,0.5003972984337639,3027.6503540974913,3223.0717337326014,179.3899819527278,8,8,51,1,1,3.0,9.0,306000,59.0,4577,460678
0.9987277353689568,5500.0,8111.67300289836,529.96875,0.8150655312407853,3027.6503540974913,4465.329025372414,209.70644400859538,8,8,393,1,2,5.0,19.0,5895000,1212.0,10925,10252307
0.9322429906542056,5500.0,10196.418984635879,302.0,0.8293378557006669,3027.6503540974913,5612.943918065311,126.93780504328232,8,8,107,1,2,5.0,16.0,1605000,286.0,4925,2905797
0.48980815347721823,5500.0,5544.900234475987,509.0625,0.4999710567989404,3027.6503540974913,3052.367119699361,200.85048336179494,8,8,417,1,1,3.0,14.0,2502000,468.0,7645,3614592
0.5432692307692307,5500.0,10004.524166616178,265.21875,0.4987240438543575,3027.6503540974913,5507.309297387707,117.18530553500867,8,8,52,1,1,3.0,10.0,312000,73.0,2918,620511
0.5005020080321285,5500.0,10768.983255481517,446.796875,0.5000625107757912,3027.6503540974913,5928.130175768831,178.9233390587171,8,8,498,1,1,3.0,13.0,2988000,588.0,6507,5714165
1.0,5500.0,6820.25557109869,248.578125,0.8345046085438718,3027.6503540974913,3754.427126340425,111.47179936455422,8,8,73,1,2,4.0,14.0,730000,293.0,3713,1776592
0.5020491803278688,5500.0,9672.79363540745,239.4375,0.5001239227665147,3027.6503540974913,5324.697650064242,107.285981125363,8,8,244,1,1,3.0,12.0,1464000,296.0,3063,2698146
0.49846437346437344,5500.0,9619.327802049786,390.5625,0.5000744405008001,3027.6503540974913,5295.265677464705,157.2923549338458,8,8,407,1,1,3.0,13.0,2442000,476.0,5743,4355868
1.01875,5500.0,5625.510414144659,378.328125,0.7999364547233808,3027.6503540974913,3096.741563157128,150.6271602953823,8,8,120,1,2,4.0,14.0,1200000,502.0,5963,2723828
0.5159921671018277,5500.0,7083.106752595029,518.546875,0.49982575606151514,3027.6503540974913,3899.121939564487,205.69193560038212,8,8,383,1,1,3.0,13.0,2298000,484.0,7688,3784126
0.5337837837837838,5500.0,8203.41152782663,458.96875,0.4997021559063948,3027.6503540974913,4515.829421278499,183.4874649712816,8,8,37,1,1,3.0,9.0,222000,51.0,4647,392207
0.5091991341991342,5500.0,10888.15097101972,190.421875,0.49998301173771303,3027.6503540974913,5993.729844159055,88.96152274866873,8,8,462,1,1,3.0,13.0,2772000,573.0,2561,5514416
0.4,5500.0,8688.72604679841,102.53125,0.4961389383568338,3027.6503540974913,4782.986271317328,62.31511543045645,8,8,5,1,1,3.0,5.0,30000,3.0,493,43131
0.980080831408776,5500.0,8911.578997689092,310.375,0.817019646232294,3027.6503540974913,4905.662783258392,128.58750340428122,8,8,433,1,2,5.0,18.0,6495000,1278.0,6165,11618032
0.965,5500.0,7262.978009707903,228.15625,0.8167683593062474,3027.6503540974913,3998.137807798986,101.46439186956337,8,8,25,1,2,4.0,11.0,250000,94.0,2875,622627
0.995148401826484,5500.0,5926.984699720857,348.765625,0.8174721909611825,3027.6503540974913,3262.6976954255033,143.31923985944417,8,8,438,1,2,4.0,18.0,4380000,1752.0,7107,9753722
1.0092105263157896,5500.0,6014.296481517109,224.6875,0.8042505052851192,3027.6503540974913,3310.7612494386494,103.51840186077798,8,8,95,1,2,4.0,14.0,950000,387.0,3400,2187971
0.5165343915343915,5500.0,10735.848494475524,480.703125,0.49989187461706863,3027.6503540974913,5909.890090151972,191.20666785274307,8,8,189,1,1,3.0,11.0,1134000,240.0,5968,2215505
1.0201612903225807,5500.0,9597.36118020093,185.78125,0.8261902966309246,3027.6503540974913,5283.173450115794,92.13593627878458,8,8,217,1,2,5.0,17.0,3255000,706.0,3186,6296187
0.4966768916155419,5500.0,8652.82036570681,118.0625,0.5000528736019791,3027.6503540974913,4763.220844395311,74.71870529281755,8,8,489,1,1,3.0,13.0,2934000,566.0,1583,4988661
1.0086206896551724,5500.0,8996.568183865833,341.390625,0.8033116277456155,3027.6503540974913,4952.4477904624755,140.52482322515235,8,8,145,1,2,5.0,16.0,2175000,455.0,6107,3998414
0.5078947368421053,5500.0,10095.876311173011,185.546875,0.5000199161271353,3027.6503540974913,5557.5969978995345,88.57011027724765,8,8,380,1,1,3.0,13.0,2280000,475.0,2571,4254020
0.5014970059880239,5500.0,9629.982415764867,199.9375,0.5000913476930559,3027.6503540974913,5301.130849280567,93.26202633202624,8,8,334,1,1,3.0,13.0,2004000,394.0,2720,3556272
0.9656862745098039,5500.0,8688.126901205072,385.234375,0.8249079271624147,3027.6503540974913,4782.656452523177,154.9738065105361,8,8,306,1,2,5.0,19.0,4590000,874.0,7738,7940297
